text,label
"Livraison rapide et produit conforme à la description, je recommande.",positif
"Très déçu, l'article est arrivé cassé et le service client ne répond pas.",negatif
"Excellent rapport qualité prix, je rachèterai sans hésiter.",positif
"Commande jamais reçue, remboursement toujours en attente après un mois.",negatif
"Le produit fonctionne parfaitement depuis trois semaines.",positif
"Taille beaucoup trop petite, rien à voir avec le guide des tailles.",negatif
"Emballage soigné, notice claire, installation en dix minutes.",positif
"La batterie ne tient pas la journée, c'est inutilisable au quotidien.",negatif
"Service client très réactif, problème résolu en une heure.",positif
"Produit de mauvaise qualité, la couture a lâché au bout de deux jours.",negatif
"Conforme à mes attentes, livraison dans les délais annoncés.",positif
"Je ne recommande pas, la couleur réelle est très différente des photos.",negatif
"Super achat, mes enfants l'adorent, très solide.",positif
"Arrivé avec une semaine de retard et la boîte était ouverte.",negatif
"Très bon tissu, agréable à porter, taille bien.",positif
"Le son grésille dès qu'on monte le volume, retour immédiat.",negatif
"Parfait pour un usage quotidien, léger et facile à ranger.",positif
"Notice incompréhensible et pièces manquantes dans le carton.",negatif
"Très satisfait, c'est mon deuxième achat chez ce vendeur.",positif
"L'appareil s'est éteint définitivement après une semaine d'utilisation.",negatif
"Belle finition, on sent un produit haut de gamme.",positif
"Prix excessif pour une qualité aussi médiocre, à éviter.",negatif
"Livré en avance, bien protégé, aucun souci à signaler.",positif
"Impossible de joindre le vendeur, aucune réponse à mes trois messages.",negatif
"Fonctionne très bien avec mes autres appareils, installation simple.",positif
"L'odeur de plastique est insupportable même après plusieurs lavages.",negatif
"Exactement ce que je cherchais, photo fidèle au produit reçu.",positif
"Déjà en panne, le bouton d'allumage ne répond plus.",negatif
"Un sans-faute : commande, livraison et produit impeccables.",positif
"Article d'occasion vendu comme neuf, rayures visibles, très déçu.",negatif
